state_territory,data_type,remoteness_area,sex,fy_2011-12,fy_2012-13,fy_2013-14,fy_2014-15,fy_2015-16,fy_2016-17,fy_2017-18,fy_2018-19,fy_2019-20,fy_2020-21,fy_2021-22,fy_2022-23,fy_2023-24,fy_2024-25,avg_annual_change_pct__average_annual_change_per_cent_2011_12_to_2024_25
National,Clients (number),Major cities,Males,60958,65025,68049,67334,71059,71227,69761,71539,70785,66783,65736,69431,71162,72284,1.3
National,Clients (number),Major cities,Females,83750,86230,91828,94952,103685,106970,109562,104968,104941,98991,96996,95920,100222,104242,1.7
National,Clients (number),Major cities,All clients,144708,151255,159877,162286,174744,178197,179323,176507,175726,165774,162732,165351,171384,176526,1.5
National,Clients (number),Inner regional,Males,20881,21230,21785,20683,24844,26874,26308,27107,26294,25762,24582,24007,24367,25187,1.5
National,Clients (number),Inner regional,Females,32814,33317,33725,31378,35170,38457,39363,40500,40303,38859,37488,36149,36387,37615,1.1
National,Clients (number),Inner regional,All clients,53694,54547,55510,52061,60013,65330,65671,67607,66597,64621,62070,60156,60754,62802,1.2
National,Clients (number),Outer regional,Males,11632,11196,11108,11522,12650,12808,12514,13042,12716,12135,11883,12227,11534,12296,0.4
National,Clients (number),Outer regional,Females,15748,15497,15676,16734,18139,18323,17838,18634,18913,18793,19116,19541,19300,20424,2
National,Clients (number),Outer regional,All clients,27379,26692,26784,28257,30790,31131,30352,31676,31629,30928,30999,31768,30834,32720,1.4
National,Clients (number),Remote and very remote,Males,3328,3671,3605,4411,4878,4835,4580,4981,5994,6207,6062,5537,5810,5513,4
National,Clients (number),Remote and very remote,Females,7319,8010,8225,8643,8771,8780,8869,9546,10516,10745,10831,10836,11296,11409,3.5
National,Clients (number),Remote and very remote,All clients,10647,11682,11831,13053,13650,13614,13449,14527,16510,16952,16893,16373,17106,16922,3.6
National,Support periods (number),Major cities,Males,92726,112734,114963,114362,122851,126529,126785,128151,129063,129231,123874,125942,126968,126967,2.4
National,Support periods (number),Major cities,Females,117018,138924,148644,158817,176878,188268,201756,194087,197319,188697,183176,176288,182721,185584,3.6
National,Support periods (number),Major cities,All clients,209744,251658,263607,273179,299729,314796,328541,322238,326382,317928,307050,302230,309689,312551,3.1
National,Support periods (number),Inner regional,Males,28387,30604,32010,31182,38291,41198,40789,41559,40399,40256,37959,36708,37533,38032,2.3
National,Support periods (number),Inner regional,Females,45767,49761,50874,48880,56176,61102,64445,65912,65179,64297,60613,57880,58099,58937,2
National,Support periods (number),Inner regional,All clients,74154,80365,82884,80061,94467,102300,105234,107471,105578,104553,98572,94588,95632,96969,2.1
National,Support periods (number),Outer regional,Males,16019,15783,15795,16518,18396,18054,18151,18796,18680,17912,17270,17819,16687,17665,0.8
National,Support periods (number),Outer regional,Females,21789,22166,23088,25168,27768,27866,28359,29691,30667,31267,31731,31400,30439,32499,3.1
National,Support periods (number),Outer regional,All clients,37808,37949,38882,41686,46165,45920,46510,48487,49347,49179,49001,49219,47126,50164,2.2
National,Support periods (number),Remote and very remote,Males,4066,5128,4653,5843,6901,7028,6672,7027,8658,9169,9132,8386,8539,7974,5.3
National,Support periods (number),Remote and very remote,Females,9888,11884,12111,13333,14008,14139,14766,15912,17734,18956,18948,19433,19752,19795,5.5
National,Support periods (number),Remote and very remote,All clients,13954,17012,16765,19176,20909,21167,21438,22939,26392,28125,28080,27819,28291,27769,5.4
National,"Clients (per 10,000 ERP)",Major cities,Males,77.9,81.4,83.5,81.2,84.2,82.8,79.6,80.2,78.1,72.7,71.7,74.7,74.3,75.5,-0.2
National,"Clients (per 10,000 ERP)",Major cities,Females,104.9,105.9,110.5,112.2,120.3,121.7,122.3,115.2,113.3,105.5,103.5,101,102.6,106.7,0.1
National,"Clients (per 10,000 ERP)",Major cities,All clients,91.5,93.8,97.1,96.8,102.4,102.5,101.2,97.9,95.9,89.3,87.8,88,88.6,91.3,0
National,"Clients (per 10,000 ERP)",Inner regional,Males,103.7,104.3,105.7,99.5,118.5,127,122.6,124.5,119.1,115.2,108.6,104.7,105,108.5,0.3
National,"Clients (per 10,000 ERP)",Inner regional,Females,161.5,161.8,161.7,148.6,164.9,178.3,180.2,182.9,179.6,170.8,163,155.1,154,159.2,-0.1
National,"Clients (per 10,000 ERP)",Inner regional,All clients,132.8,133.2,133.9,124.2,141.9,152.9,151.6,154,149.6,143.3,136,130.1,129.7,134.1,0.1
National,"Clients (per 10,000 ERP)",Outer regional,Males,116.4,111,109.3,112.9,123.6,125.1,121.4,125.7,121.9,115.6,112.5,115,107.5,114.6,-0.1
National,"Clients (per 10,000 ERP)",Outer regional,Females,162.6,158.3,158.6,168.2,181.6,182.6,176.8,184,186.1,183.8,186.2,188.7,184.6,195.3,1.4
National,"Clients (per 10,000 ERP)",Outer regional,All clients,139.2,134.3,133.6,140.2,152.3,153.5,148.8,154.5,153.6,149.2,148.8,151.3,145.5,154.4,0.8
National,"Clients (per 10,000 ERP)",Remote and very remote,Males,119.8,131.3,128.6,160.4,181.6,184.2,175.9,192.4,232.1,240.5,234.5,213.1,221.9,210.5,4.4
National,"Clients (per 10,000 ERP)",Remote and very remote,Females,309.3,336.2,343.9,363.5,371.8,373.3,377.6,405.9,446.4,454.2,456.8,455,470.3,475,3.4
National,"Clients (per 10,000 ERP)",Remote and very remote,All clients,207,225.6,227.7,254.6,270.5,273.6,271.5,294,334.3,342.7,340.9,328.8,340.7,337.1,3.8
National,Clients (proportion of all SHS clients),Major cities,All clients,61.2,61.9,62.9,63.5,62.6,61.8,62.1,60.8,60.5,59.6,59.7,60.4,61.2,61.1,. .
National,Clients (proportion of all SHS clients),Inner regional,All clients,22.7,22.3,21.9,20.4,21.5,22.7,22.7,23.3,22.9,23.2,22.8,22,21.7,21.7,. .
National,Clients (proportion of all SHS clients),Outer regional,All clients,11.6,10.9,10.5,11.1,11,10.8,10.5,10.9,10.9,11.1,11.4,11.6,11,11.3,. .
National,Clients (proportion of all SHS clients),Remote and very remote,All clients,4.5,4.8,4.7,5.1,4.9,4.7,4.7,5,5.7,6.1,6.2,6,6.1,5.9,. .
New South Wales,Clients (number),Major cities,Males,15379,15291,15621,14647,19358,19369,18263,18545,17059,16925,16285,17346,17047,16113,0.4
New South Wales,Clients (number),Major cities,Females,18476,17780,18956,18233,25222,25040,24137,24896,23586,24071,24084,24829,24873,24826,2.3
New South Wales,Clients (number),Major cities,All clients,33856,33071,34576,32880,44579,44409,42400,43441,40645,40996,40369,42175,41920,40939,1.5
New South Wales,Clients (number),Inner regional,Males,4929,5889,5120,4048,8196,9584,9382,9434,9483,9754,8744,8099,7899,8071,3.9
New South Wales,Clients (number),Inner regional,Females,8054,9634,8792,7089,11229,13344,13157,13372,13743,13840,13167,12162,11777,12488,3.4
New South Wales,Clients (number),Inner regional,All clients,12982,15523,13912,11137,19425,22928,22539,22806,23226,23594,21911,20261,19676,20559,3.6
New South Wales,Clients (number),Outer regional,Males,1730,933,961,1563,2172,2674,2540,2783,2477,2225,2197,2097,2201,2230,2
New South Wales,Clients (number),Outer regional,Females,2738,1758,1776,2433,3165,3507,3459,3862,3360,3000,3154,2896,3168,3159,1.1
New South Wales,Clients (number),Outer regional,All clients,4469,2691,2737,3996,5337,6181,5999,6645,5837,5225,5351,4993,5369,5389,1.5
New South Wales,Clients (number),Remote and very remote,Males,297,228,177,104,146,285,282,271,246,271,290,336,339,314,0.4
New South Wales,Clients (number),Remote and very remote,Females,502,440,383,144,227,414,408,386,418,502,552,623,587,623,1.7
New South Wales,Clients (number),Remote and very remote,All clients,799,668,560,248,373,699,690,657,664,773,842,959,926,937,1.2
New South Wales,Support periods (number),Major cities,Males,22580,23845,21508,19611,28401,29843,30333,28336,24632,24133,22017,24400,24250,22503,0
New South Wales,Support periods (number),Major cities,Females,24655,23913,23548,23930,35106,35965,37564,37342,34873,35752,34554,36794,37047,36121,3
New South Wales,Support periods (number),Major cities,All clients,47235,47758,45056,43541,63507,65808,67897,65678,59505,59885,56571,61194,61297,58624,1.7
New South Wales,Support periods (number),Inner regional,Males,5812,7041,5977,4766,10359,12260,12411,12325,12169,12268,10953,10110,9766,10010,4.3
New South Wales,Support periods (number),Inner regional,Females,9593,11853,10834,8662,15034,18013,18055,18240,18327,18513,17703,16424,15503,16345,4.2
New South Wales,Support periods (number),Inner regional,All clients,15405,18894,16811,13428,25394,30273,30466,30565,30496,30781,28656,26534,25269,26355,4.2
New South Wales,Support periods (number),Outer regional,Males,1890,1175,1093,1775,2629,3308,3250,3551,3082,2815,2788,2595,2743,2832,3.2
New South Wales,Support periods (number),Outer regional,Females,3212,2265,2221,2999,4131,4633,4676,5318,4471,4180,4339,3820,4177,4201,2.1
New South Wales,Support periods (number),Outer regional,All clients,5103,3440,3314,4774,6760,7941,7926,8869,7553,6995,7127,6415,6920,7033,2.5
New South Wales,Support periods (number),Remote and very remote,Males,258,254,155,131,164,354,393,344,316,310,353,413,384,409,3.6
New South Wales,Support periods (number),Remote and very remote,Females,552,651,469,184,313,575,594,520,550,708,748,851,735,835,3.2
New South Wales,Support periods (number),Remote and very remote,All clients,810,905,624,315,477,929,987,864,866,1018,1101,1264,1119,1244,3.4
New South Wales,"Clients (per 10,000 ERP)",Major cities,Males,57.7,56.6,56.9,52.5,68.2,67.1,62.1,62.1,56.4,55.5,53.6,56.6,54.2,51.3,-0.9
New South Wales,"Clients (per 10,000 ERP)",Major cities,Females,68.2,64.7,67.9,64.3,87.4,85.3,80.8,82.3,77,77.9,78.3,80,78.2,78,1
New South Wales,"Clients (per 10,000 ERP)",Major cities,All clients,63,60.7,62.5,58.4,77.9,76.2,71.5,72.3,66.8,66.8,66,68.4,66.3,64.7,0.2
New South Wales,"Clients (per 10,000 ERP)",Inner regional,Males,69.5,82.6,71.2,55.9,112.3,130.3,125.9,124.9,124.1,126.3,112.1,102.9,99.3,101.5,3
New South Wales,"Clients (per 10,000 ERP)",Inner regional,Females,111.8,132.5,119.7,95.6,149.9,176.3,172.1,173.2,176.3,175.9,166.3,152.1,145.9,154.7,2.5
New South Wales,"Clients (per 10,000 ERP)",Inner regional,All clients,90.9,107.8,95.7,76,131.4,153.6,149.3,149.3,150.5,151.3,139.4,127.7,122.8,128.3,2.7
New South Wales,"Clients (per 10,000 ERP)",Outer regional,Males,90.3,48.8,50.4,82,114,140.4,133,145.1,128.8,115.6,114.1,108.7,113.5,115,1.9
New South Wales,"Clients (per 10,000 ERP)",Outer regional,Females,147.5,94.4,95.4,130.3,169.3,186.9,184.2,205.8,179.2,160.3,169.1,154.8,168.5,168,1
New South Wales,"Clients (per 10,000 ERP)",Outer regional,All clients,118.4,71.3,72.6,105.9,141.4,163.5,158.4,175.1,153.7,137.6,141.2,131.4,140.5,141.1,1.4
New South Wales,"Clients (per 10,000 ERP)",Remote and very remote,Males,145.9,113.6,89.4,53.2,76.1,150.7,151.3,147.9,136.9,153.8,167.6,196.1,198.4,183.8,1.8
New South Wales,"Clients (per 10,000 ERP)",Remote and very remote,Females,273.4,242.1,211.2,80.2,127.6,235.5,234.8,224.4,246,300.4,335.4,383,358.8,380.8,2.6
New South Wales,"Clients (per 10,000 ERP)",Remote and very remote,All clients,206.3,174.6,147.6,66.1,100.8,191.6,191.6,184.9,189.9,225.2,249.4,287.1,276.9,280.1,2.4
Victoria,Clients (number),Major cities,Males,22883,26989,29533,29910,30178,30723,31322,32610,33939,30604,30507,31103,31355,31957,2.6
Victoria,Clients (number),Major cities,Females,38116,40013,44272,47368,49025,51907,56292,50624,51387,47568,44911,40887,42504,44171,1.1
Victoria,Clients (number),Major cities,All clients,60999,67002,73804,77278,79203,82630,87614,83234,85326,78172,75418,71990,73859,76128,1.7
Victoria,Clients (number),Inner regional,Males,7586,8059,8320,8106,8341,8584,8706,9077,8702,8066,7874,8013,8904,9182,1.5
Victoria,Clients (number),Inner regional,Females,13295,13538,13907,13302,13537,14229,15583,15530,15465,13944,12825,12597,13558,14222,0.5
Victoria,Clients (number),Inner regional,All clients,20881,21598,22226,21408,21878,22813,24289,24607,24167,22010,20699,20610,22462,23404,0.9
Victoria,Clients (number),Outer regional,Males,1787,1587,1580,1689,1712,1802,1993,1943,2321,2085,2083,2264,2160,2087,1.2
Victoria,Clients (number),Outer regional,Females,2468,2239,2258,2395,2464,2627,2951,3115,3481,3230,3454,3462,3451,3485,2.7
Victoria,Clients (number),Outer regional,All clients,4255,3826,3838,4084,4176,4429,4944,5058,5802,5315,5537,5726,5611,5572,2.1
Victoria,Clients (number),Remote and very remote,Males,10,23,6,7,7,13,12,8,3,6,5,5,13,6,-4
Victoria,Clients (number),Remote and very remote,Females,5,14,18,16,23,15,13,12,8,7,16,12,19,16,9.3
Victoria,Clients (number),Remote and very remote,All clients,15,37,24,23,30,28,25,20,11,13,21,17,32,22,2.9
Victoria,Support periods (number),Major cities,Males,36722,54684,58253,58793,60535,62848,64714,68234,74112,75096,70830,68061,66439,66774,4.7
Victoria,Support periods (number),Major cities,Females,54366,74409,81947,88388,94570,102801,116244,108658,116054,109077,101571,89809,91729,92382,4.2
Victoria,Support periods (number),Major cities,All clients,91088,129093,140200,147181,155105,165648,180958,176892,190166,184173,172401,157870,158168,159156,4.4
Victoria,Support periods (number),Inner regional,Males,11278,13519,14022,13673,14355,14609,14970,15562,15537,15347,14269,13979,15441,16067,2.8
Victoria,Support periods (number),Inner regional,Females,21189,23758,24167,23597,24431,25634,29125,29351,29538,27977,24489,23044,24690,26186,1.6
Victoria,Support periods (number),Inner regional,All clients,32467,37277,38189,37270,38786,40244,44095,44913,45075,43324,38758,37023,40131,42253,2
Victoria,Support periods (number),Outer regional,Males,2805,2661,2822,3044,3153,2861,3279,3222,3843,3561,3480,3636,3529,3486,1.7
Victoria,Support periods (number),Outer regional,Females,3957,3892,3924,4391,4512,4764,5577,5691,6345,6148,6705,6146,6160,6535,3.9
Victoria,Support periods (number),Outer regional,All clients,6762,6553,6746,7435,7664,7625,8856,8913,10188,9709,10185,9782,9689,10021,3.1
Victoria,Support periods (number),Remote and very remote,Males,17,65,21,30,25,30,18,10,5,13,18,9,61,7,-6.5
Victoria,Support periods (number),Remote and very remote,Females,6,41,49,35,48,51,23,31,15,18,45,26,57,65,19.8
Victoria,Support periods (number),Remote and very remote,All clients,23,107,70,65,73,81,41,41,20,31,63,35,118,72,9.2
Victoria,"Clients (per 10,000 ERP)",Major cities,Males,109.2,125.9,134.4,133,131,129.7,129.2,131.7,134.5,119.9,121.6,122.4,119.4,121.7,0.8
Victoria,"Clients (per 10,000 ERP)",Major cities,Females,177.3,182,196.6,205.3,207.3,213.5,226.5,199.8,199.3,182.4,175,157.2,158.3,164.5,-0.6
Victoria,"Clients (per 10,000 ERP)",Major cities,All clients,143.7,154.3,165.9,169.6,169.6,172.2,178.5,166.2,167.2,151.5,148.6,140,139.1,143.3,0
Victoria,"Clients (per 10,000 ERP)",Inner regional,Males,145.4,152.6,155.6,149.9,152.3,154.3,154.1,158.1,149.2,136.3,131.5,132.1,145.2,149.7,0.2
Victoria,"Clients (per 10,000 ERP)",Inner regional,Females,252.8,253.7,257,242.5,243.3,251.4,270.9,265.7,260.1,230.6,209,202.6,215.5,226,-0.9
Victoria,"Clients (per 10,000 ERP)",Inner regional,All clients,199.3,203.4,206.6,196.5,198.2,203.3,213,212.4,205.2,183.9,170.7,167.8,180.8,188.4,-0.4
Victoria,"Clients (per 10,000 ERP)",Outer regional,Males,146.8,129.6,128.4,136.9,138.3,145.1,159.1,153.7,182.1,162.5,162.2,175.6,167.3,161.6,0.7
Victoria,"Clients (per 10,000 ERP)",Outer regional,Females,206.2,185.8,186.2,196.6,201.4,212.9,237.1,248.1,275.2,253,269.3,269,267.5,270.2,2.1
Victoria,"Clients (per 10,000 ERP)",Outer regional,All clients,176.3,157.5,157.1,166.6,169.7,178.9,198,200.7,228.5,207.6,215.7,222.3,217.4,215.9,1.6
Victoria,"Clients (per 10,000 ERP)",Remote and very remote,Males,55.6,126.4,33.1,39.3,39.3,72.8,67.5,45.2,17,34.5,28.7,28.7,75.7,34.9,-3.5
Victoria,"Clients (per 10,000 ERP)",Remote and very remote,Females,29.1,81.6,108.6,97,142,94.3,83.1,76.9,50.7,44.7,103.7,77.9,124,104.4,10.3
Victoria,"Clients (per 10,000 ERP)",Remote and very remote,All clients,42.7,104.6,69.2,67.1,88.2,82.9,74.8,60.1,33,39.3,63.9,51.8,98.5,67.7,3.6
Queensland,Clients (number),Major cities,Males,9656,10112,9859,10080,8997,8790,8414,8741,8199,8018,7769,9099,10958,12597,2.1
Queensland,Clients (number),Major cities,Females,10263,11036,11091,11456,11053,11320,11261,12199,13068,10835,11148,12771,15166,17415,4.2
Queensland,Clients (number),Major cities,All clients,19919,21147,20950,21536,20050,20110,19675,20940,21267,18853,18917,21870,26124,30012,3.2
Queensland,Clients (number),Inner regional,Males,3790,3715,4323,4327,3939,4010,4165,4338,4060,4014,4109,4763,4505,5097,2.3
Queensland,Clients (number),Inner regional,Females,5075,4826,5266,5104,4481,4481,4790,5109,4858,5170,5350,6341,6226,6433,1.8
Queensland,Clients (number),Inner regional,All clients,8865,8542,9590,9431,8421,8490,8955,9447,8918,9184,9459,11104,10731,11530,2
Queensland,Clients (number),Outer regional,Males,5403,5175,4977,4634,4944,4564,4572,4746,4717,4499,4393,4112,3652,4214,-1.9
Queensland,Clients (number),Outer regional,Females,6492,6345,6202,5914,6375,6284,6151,6285,6660,6714,6689,6395,6025,6628,0.2
Queensland,Clients (number),Outer regional,All clients,11895,11520,11179,10548,11320,10849,10723,11031,11377,11213,11082,10507,9677,10842,-0.7
Queensland,Clients (number),Remote and very remote,Males,695,551,613,1023,1210,933,655,590,453,706,776,721,888,875,1.8
Queensland,Clients (number),Remote and very remote,Females,1114,1241,1419,1675,1543,1057,1110,1079,1079,1271,1353,1267,1398,1441,2
Queensland,Clients (number),Remote and very remote,All clients,1809,1792,2032,2698,2753,1990,1765,1669,1532,1977,2129,1988,2286,2316,1.9
Queensland,Support periods (number),Major cities,Males,13276,14087,13445,13685,12056,12001,11461,11717,10961,11148,10463,12192,14532,16954,1.9
Queensland,Support periods (number),Major cities,Females,12640,13810,14185,14914,14607,15677,15785,16955,17069,14752,15286,17558,20923,24337,5.2
Queensland,Support periods (number),Major cities,All clients,25916,27897,27630,28600,26663,27678,27246,28672,28030,25900,25749,29750,35455,41291,3.6
Queensland,Support periods (number),Inner regional,Males,4893,4711,5501,5524,5081,5206,5650,5796,5283,5476,5477,6298,6067,7244,3.1
Queensland,Support periods (number),Inner regional,Females,5986,5876,6479,6336,5574,5508,6366,6565,6200,6892,6996,8505,8383,8910,3.1
Queensland,Support periods (number),Inner regional,All clients,10879,10587,11980,11860,10655,10713,12016,12361,11483,12368,12473,14803,14450,16154,3.1
Queensland,Support periods (number),Outer regional,Males,7640,7309,7027,6706,7007,6641,6712,6999,7191,6819,6412,6010,5105,6033,-1.8
Queensland,Support periods (number),Outer regional,Females,9067,8795,8810,8603,9340,9357,9661,10045,11241,11454,11032,10364,9213,10640,1.2
Queensland,Support periods (number),Outer regional,All clients,16707,16104,15836,15309,16347,15998,16373,17044,18432,18273,17444,16374,14318,16673,0
Queensland,Support periods (number),Remote and very remote,Males,980,761,874,1394,1775,1414,1009,858,673,1113,1255,1053,1194,1280,2.1
Queensland,Support periods (number),Remote and very remote,Females,1429,1506,1873,2405,2275,1693,1780,1740,1750,2389,2319,2069,2119,2217,3.4
Queensland,Support periods (number),Remote and very remote,All clients,2409,2267,2747,3799,4050,3106,2789,2598,2423,3502,3574,3122,3313,3497,2.9
Queensland,"Clients (per 10,000 ERP)",Major cities,Males,69.8,71.4,68.2,68.5,60.2,57.8,54.1,55.2,50.7,48.7,46.7,53.5,62.5,71.8,0.2
Queensland,"Clients (per 10,000 ERP)",Major cities,Females,72.7,76.4,75.1,76.1,72,72.2,70.3,74.5,78.2,63.7,64.9,72.7,83.8,96.3,2.2
Queensland,"Clients (per 10,000 ERP)",Major cities,All clients,71.3,73.9,71.7,72.4,66.2,65.1,62.3,65,64.7,56.3,55.9,63.2,73.3,84.2,1.3
Queensland,"Clients (per 10,000 ERP)",Inner regional,Males,84.3,81.4,93.3,92.5,83.9,84.9,87.2,89.8,83,81.1,81.9,93.2,86.5,97.9,1.2
Queensland,"Clients (per 10,000 ERP)",Inner regional,Females,112.8,105.4,113.1,108.4,94.5,93.8,99.2,104.4,98,103.1,105.4,122.2,117.4,121.3,0.6
Queensland,"Clients (per 10,000 ERP)",Inner regional,All clients,98.5,93.4,103.2,100.5,89.2,89.4,93.2,97.1,90.5,92.1,93.7,107.8,102.1,109.7,0.8
Queensland,"Clients (per 10,000 ERP)",Outer regional,Males,163.8,154.7,147,136,144.7,133.2,132.5,136.8,135.1,128,124.5,115,100.4,115.9,-2.6
Queensland,"Clients (per 10,000 ERP)",Outer regional,Females,204.2,196.2,189.1,178.6,191.6,187.8,182.6,185.6,195.8,195.9,194.3,183,169.4,186.4,-0.7
Queensland,"Clients (per 10,000 ERP)",Outer regional,All clients,183.6,175.1,167.7,157,167.8,160.2,157.2,160.9,165.1,161.5,158.9,148.6,134.5,150.7,-1.5
Queensland,"Clients (per 10,000 ERP)",Remote and very remote,Males,96.9,76.8,85.8,145.3,175.8,139.1,98.6,89.5,68.9,107.5,118,109.6,134.1,132.1,2.4
Queensland,"Clients (per 10,000 ERP)",Remote and very remote,Females,175.6,195.7,224.6,267.7,249.5,173.4,183,178.2,178.7,210.3,224.1,208.6,228.6,235.6,2.3
Queensland,"Clients (per 10,000 ERP)",Remote and very remote,All clients,133.8,132.6,150.9,202.9,210.7,155.4,138.9,131.9,121.5,156.7,168.8,157.2,179.4,181.8,2.4
Western Australia,Clients (number),Major cities,Males,5670,5111,5179,5527,5402,5441,5248,5124,4794,4520,4567,4721,4839,5034,-0.9
Western Australia,Clients (number),Major cities,Females,6479,6764,6746,7433,7909,7933,7806,7465,6924,6932,7424,7276,7989,8463,2.1
Western Australia,Clients (number),Major cities,All clients,12149,11875,11925,12960,13311,13374,13054,12589,11718,11452,11991,11997,12828,13497,0.8
Western Australia,Clients (number),Inner regional,Males,1545,1188,1104,1113,1126,1333,1237,1386,1294,1123,947,833,665,634,-6.6
Western Australia,Clients (number),Inner regional,Females,2638,2302,2173,2069,2296,2700,2362,2916,2551,2218,2196,1873,1804,1682,-3.4
Western Australia,Clients (number),Inner regional,All clients,4183,3490,3277,3182,3422,4033,3599,4302,3845,3341,3143,2706,2469,2316,-4.4
Western Australia,Clients (number),Outer regional,Males,645,812,944,809,938,953,934,802,854,904,927,985,837,1129,4.4
Western Australia,Clients (number),Outer regional,Females,1248,1427,1776,1877,1812,1760,1733,1665,1832,2153,2115,2337,2239,2597,5.8
Western Australia,Clients (number),Outer regional,All clients,1893,2239,2720,2686,2750,2713,2667,2467,2686,3057,3042,3322,3076,3726,5.3
Western Australia,Clients (number),Remote and very remote,Males,736,1214,1008,1347,1505,1448,1477,1914,2548,2437,2328,2176,2185,2050,8.2
Western Australia,Clients (number),Remote and very remote,Females,2229,2600,2507,2846,3215,3059,2942,3599,4159,4183,4203,4265,4435,4323,5.2
Western Australia,Clients (number),Remote and very remote,All clients,2965,3814,3515,4192,4720,4506,4419,5513,6707,6620,6531,6441,6620,6373,6.1
Western Australia,Support periods (number),Major cities,Males,8191,7291,7263,8311,7913,8035,7910,7651,7001,6731,6840,6945,7017,6835,-1.4
Western Australia,Support periods (number),Major cities,Females,8216,8564,8734,10412,11085,11653,11481,11061,10070,10398,11314,10813,11692,12148,3.1
Western Australia,Support periods (number),Major cities,All clients,16407,15856,15997,18723,18998,19688,19391,18712,17071,17129,18154,17758,18709,18983,1.1
Western Australia,Support periods (number),Inner regional,Males,1739,1601,1578,1442,1463,1655,1622,1777,1618,1389,1170,1011,811,806,-5.7
Western Australia,Support periods (number),Inner regional,Females,3164,3430,3267,2733,2991,3497,3255,3844,3220,2935,2855,2377,2352,2220,-2.7
Western Australia,Support periods (number),Inner regional,All clients,4903,5031,4845,4175,4455,5152,4877,5621,4838,4324,4025,3388,3163,3026,-3.6
Western Australia,Support periods (number),Outer regional,Males,904,991,1180,1059,1306,1246,1196,1057,1160,1274,1296,1384,1160,1541,4.2
Western Australia,Support periods (number),Outer regional,Females,1758,1872,2434,2677,2765,2542,2569,2517,2833,3576,3454,3799,3508,4072,6.7
Western Australia,Support periods (number),Outer regional,All clients,2663,2863,3614,3736,4071,3788,3765,3574,3993,4850,4750,5183,4668,5613,5.9
Western Australia,Support periods (number),Remote and very remote,Males,913,1839,1260,1799,2223,2209,2155,2952,4002,3785,3645,3518,3520,3057,9.7
Western Australia,Support periods (number),Remote and very remote,Females,3272,4166,3804,4507,5586,5076,4984,6423,7620,7422,7841,7971,8467,7943,7.1
Western Australia,Support periods (number),Remote and very remote,All clients,4185,6006,5064,6307,7809,7285,7139,9375,11622,11207,11486,11489,11987,11000,7.7
Western Australia,"Clients (per 10,000 ERP)",Major cities,Males,62.9,54.8,54.1,56.9,55,54.9,52.2,50.3,46.3,42.7,42.5,43.2,42.7,44.4,-2.6
Western Australia,"Clients (per 10,000 ERP)",Major cities,Females,71.4,72.3,70.2,76.1,80,79.4,77,72.5,66,64.6,68.2,65.8,69.9,74,0.3
Western Australia,"Clients (per 10,000 ERP)",Major cities,All clients,67.1,63.6,62.2,66.6,67.5,67.2,64.7,61.5,56.2,53.7,55.5,54.6,56.3,59.3,-0.9
Western Australia,"Clients (per 10,000 ERP)",Inner regional,Males,153.4,113.8,102.5,101.9,102.1,120.5,110.1,121.5,111.4,94.8,78.2,67.8,52.8,50.4,-8.2
Western Australia,"Clients (per 10,000 ERP)",Inner regional,Females,264,223.3,204.7,191.3,209.4,244.1,210.9,257.2,222.2,190.4,185.8,155.6,146.5,136.6,-4.9
Western Australia,"Clients (per 10,000 ERP)",Inner regional,All clients,208.5,168.2,153.3,146.4,155.6,182.3,160.4,189.1,166.5,142.2,131.4,111.2,99.2,93,-6
Western Australia,"Clients (per 10,000 ERP)",Outer regional,Males,70.7,87.2,100.1,86,100.2,102.8,99.9,85.3,90.2,94.5,95.7,101.1,85,114.7,3.8
Western Australia,"Clients (per 10,000 ERP)",Outer regional,Females,138.1,155.2,190.5,200.6,194.2,190.3,187,179.7,197.5,230.6,224.8,246,233.8,271.2,5.3
Western Australia,"Clients (per 10,000 ERP)",Outer regional,All clients,104.3,121,145.1,143.1,147.1,146.5,143.3,132.2,143.3,161.7,159.3,172.6,158.4,191.8,4.8
Western Australia,"Clients (per 10,000 ERP)",Remote and very remote,Males,80.7,129.7,106.1,145.3,167.2,166.9,172.5,225.7,302,288.4,275.3,254.5,252.5,236.9,8.6
Western Australia,"Clients (per 10,000 ERP)",Remote and very remote,Females,315.2,362.1,344.4,392.8,446.7,428.2,412.1,503.5,579.7,578.2,577.4,583.4,599.3,584.2,4.9
Western Australia,"Clients (per 10,000 ERP)",Remote and very remote,All clients,183.1,230.6,209.4,253.9,291.4,284.9,281.5,352.8,429.6,422.1,415.1,406.1,412.3,397,6.1
South Australia,Clients (number),Major cities,Males,5970,6379,6478,6034,6194,6022,5790,5848,5820,5576,5559,6229,5930,5480,-0.7
South Australia,Clients (number),Major cities,Females,8069,8617,8779,8671,8931,9295,8806,8647,8526,8079,7964,8718,8287,7885,-0.2
South Australia,Clients (number),Major cities,All clients,14039,14996,15257,14705,15124,15317,14596,14495,14346,13655,13523,14947,14217,13365,-0.4
South Australia,Clients (number),Inner regional,Males,735,425,441,378,388,376,624,658,598,600,524,315,358,380,-5
South Australia,Clients (number),Inner regional,Females,1280,857,885,748,660,626,938,942,966,925,869,590,540,614,-5.5
South Australia,Clients (number),Inner regional,All clients,2016,1282,1327,1126,1047,1002,1562,1600,1564,1525,1393,905,898,994,-5.3
South Australia,Clients (number),Outer regional,Males,1073,1653,1568,1536,1364,1331,1006,1112,983,978,840,1066,1022,879,-1.5
South Australia,Clients (number),Outer regional,Females,1330,2216,2113,2331,2118,1927,1424,1512,1394,1443,1373,1669,1681,1568,1.3
South Australia,Clients (number),Outer regional,All clients,2403,3869,3681,3866,3482,3258,2430,2624,2377,2421,2213,2735,2703,2447,0.1
South Australia,Clients (number),Remote and very remote,Males,318,408,524,558,471,450,349,302,304,367,285,280,301,262,-1.5
South Australia,Clients (number),Remote and very remote,Females,721,785,866,861,774,743,704,616,627,642,616,555,598,519,-2.5
South Australia,Clients (number),Remote and very remote,All clients,1039,1193,1391,1418,1245,1193,1053,918,931,1009,901,835,899,781,-2.2
South Australia,Support periods (number),Major cities,Males,8723,9607,11099,10714,10724,10757,9854,9896,9699,9545,11343,11993,12212,11359,2.1
South Australia,Support periods (number),Major cities,Females,12910,14022,16223,17032,17422,18061,16937,16618,15691,15232,17174,17918,18020,16929,2.1
South Australia,Support periods (number),Major cities,All clients,21632,23630,27322,27746,28146,28818,26791,26514,25390,24777,28517,29911,30232,28288,2.1
South Australia,Support periods (number),Inner regional,Males,927,521,623,535,546,551,803,909,766,823,700,444,497,508,-4.5
South Australia,Support periods (number),Inner regional,Females,1765,1261,1388,1177,1061,1060,1383,1404,1414,1314,1205,880,761,869,-5.3
South Australia,Support periods (number),Inner regional,All clients,2692,1783,2012,1713,1607,1612,2186,2313,2180,2137,1905,1324,1258,1377,-5
South Australia,Support periods (number),Outer regional,Males,1450,2179,2161,2064,1931,1825,1428,1458,1327,1324,1150,1485,1403,1239,-1.2
South Australia,Support periods (number),Outer regional,Females,1874,3152,3261,3692,3429,2970,2270,2330,2077,2118,2074,2492,2385,2261,1.5
South Australia,Support periods (number),Outer regional,All clients,3325,5331,5422,5756,5359,4795,3698,3788,3404,3442,3224,3977,3788,3500,0.4
South Australia,Support periods (number),Remote and very remote,Males,411,505,697,717,585,573,462,374,391,455,382,377,367,339,-1.5
South Australia,Support periods (number),Remote and very remote,Females,957,1093,1439,1461,1273,1187,1171,960,1002,987,956,885,885,810,-1.3
South Australia,Support periods (number),Remote and very remote,All clients,1368,1598,2136,2178,1857,1760,1633,1334,1393,1442,1338,1262,1252,1149,-1.3
South Australia,"Clients (per 10,000 ERP)",Major cities,Males,99.3,104.9,105.4,97.3,99,95.5,91,90.9,89.3,84.5,83.7,92.7,86.5,79.9,-1.7
South Australia,"Clients (per 10,000 ERP)",Major cities,Females,129.6,137,138.3,135.3,138.1,142.5,133.3,129.3,125.6,117.1,114.8,124.2,115.9,110.2,-1.2
South Australia,"Clients (per 10,000 ERP)",Major cities,All clients,114.7,121.2,122.1,116.6,118.8,119.4,112.5,110.5,107.8,101.2,99.5,108.8,101.5,95.4,-1.4
South Australia,"Clients (per 10,000 ERP)",Inner regional,Males,92.9,53.1,54.5,46.3,47,45.1,74,77,69,68.1,58.5,34.7,38.8,41.2,-6.1
South Australia,"Clients (per 10,000 ERP)",Inner regional,Females,162.8,107.4,109.4,91,79.2,74.3,110.5,109.9,111.6,105.4,97.7,65.5,58.9,67,-6.6
South Australia,"Clients (per 10,000 ERP)",Inner regional,All clients,127.7,80.2,81.9,68.7,63.2,59.8,92.3,93.5,90.3,86.7,78,50,48.9,54.1,-6.4
South Australia,"Clients (per 10,000 ERP)",Outer regional,Males,106.7,163.3,154.2,150.1,133,129.7,97.4,107,93.9,92.7,79.1,100.3,95.7,82.3,-2
South Australia,"Clients (per 10,000 ERP)",Outer regional,Females,135.4,223.9,212.2,232.4,210.1,190.7,141.4,150.5,138.9,143.9,136.8,166,166.8,155.6,1.1
South Australia,"Clients (per 10,000 ERP)",Outer regional,All clients,120.9,193.2,182.9,190.8,171.2,160,119.2,128.4,115.9,117.7,107.2,132.2,130.2,117.9,-0.2
South Australia,"Clients (per 10,000 ERP)",Remote and very remote,Males,102.1,131.2,169.2,180.9,153.5,148.4,114.9,99.1,99.3,119.6,92.3,90.5,96.8,84.2,-1.5
South Australia,"Clients (per 10,000 ERP)",Remote and very remote,Females,257.1,279,307.7,305.1,274.1,263.7,250.3,218.6,222.6,227.7,218.1,195.6,209.2,181.6,-2.6
South Australia,"Clients (per 10,000 ERP)",Remote and very remote,All clients,175.5,201.4,235.1,240.2,211.3,203.9,180,156.5,158.4,171.4,152.4,140.8,150.6,130.8,-2.2
Tasmania,Clients (number),Major cities,Males,48,78,56,68,87,75,54,47,41,35,30,50,36,48,0
Tasmania,Clients (number),Major cities,Females,28,53,47,52,57,47,68,55,38,40,32,35,26,37,2.1
Tasmania,Clients (number),Major cities,All clients,76,131,103,120,144,122,122,102,79,75,62,85,62,85,0.8
Tasmania,Clients (number),Inner regional,Males,2663,2344,2850,3023,3269,3456,2622,2624,2512,2523,2636,2276,2352,2151,-1.6
Tasmania,Clients (number),Inner regional,Females,2853,2570,3119,3499,3485,3635,3081,3163,3191,3215,3496,3057,2875,2641,-0.6
Tasmania,Clients (number),Inner regional,All clients,5516,4914,5970,6522,6754,7092,5703,5787,5703,5738,6132,5333,5227,4792,-1.1
Tasmania,Clients (number),Outer regional,Males,187,197,210,285,418,226,291,320,271,329,334,540,586,569,8.9
Tasmania,Clients (number),Outer regional,Females,288,292,301,373,532,345,387,412,391,423,448,713,796,874,8.9
Tasmania,Clients (number),Outer regional,All clients,475,489,511,658,950,571,678,732,662,752,782,1253,1382,1443,8.9
Tasmania,Clients (number),Remote and very remote,Males,34,22,10,12,7,n.p.,n.p.,n.p.,—,n.p.,n.p.,n.p.,n.p.,n.p.,-23.7
Tasmania,Clients (number),Remote and very remote,Females,47,28,20,15,4,n.p.,n.p.,n.p.,—,n.p.,n.p.,n.p.,n.p.,n.p.,-21.6
Tasmania,Clients (number),Remote and very remote,All clients,81,50,30,28,11,n.p.,n.p.,n.p.,—,n.p.,n.p.,n.p.,n.p.,n.p.,-22.4
Tasmania,Support periods (number),Major cities,Males,87,146,126,149,231,208,136,134,108,96,81,138,91,72,-1.5
Tasmania,Support periods (number),Major cities,Females,46,72,105,119,136,127,147,140,91,100,80,118,76,71,3.4
Tasmania,Support periods (number),Major cities,All clients,133,218,231,268,367,335,283,274,199,196,161,256,167,143,0.6
Tasmania,Support periods (number),Inner regional,Males,3692,3167,4272,5221,6448,6878,5301,5150,4991,4928,5364,4829,4913,3356,-0.7
Tasmania,Support periods (number),Inner regional,Females,4024,3547,4685,6352,7039,7352,6214,6478,6414,6620,7341,6599,6363,4350,0.6
Tasmania,Support periods (number),Inner regional,All clients,7716,6714,8957,11573,13487,14230,11515,11628,11405,11548,12705,11428,11276,7706,0
Tasmania,Support periods (number),Outer regional,Males,215,235,266,421,684,330,475,557,492,600,620,1062,1210,862,11.3
Tasmania,Support periods (number),Outer regional,Females,319,358,408,549,816,535,652,767,775,808,881,1440,1660,1290,11.3
Tasmania,Support periods (number),Outer regional,All clients,534,593,674,970,1500,865,1127,1324,1267,1408,1501,2502,2870,2152,11.3
Tasmania,Support periods (number),Remote and very remote,Males,36,30,11,20,13,n.p.,n.p.,n.p.,—,6,8,5,n.p.,n.p.,-17.4
Tasmania,Support periods (number),Remote and very remote,Females,50,40,23,22,8,n.p.,n.p.,n.p.,—,—,—,—,n.p.,n.p.,-13.1
Tasmania,Support periods (number),Remote and very remote,All clients,86,70,34,42,21,9,20,n.p.,—,6,8,5,n.p.,11,-14.6
Tasmania,"Clients (per 10,000 ERP)",Major cities,Males,. .,. .,. .,. .,. .,. .,. .,. .,. .,. .,. .,. .,. .,. .,. .
Tasmania,"Clients (per 10,000 ERP)",Major cities,Females,. .,. .,. .,. .,. .,. .,. .,. .,. .,. .,. .,. .,. .,. .,. .
Tasmania,"Clients (per 10,000 ERP)",Major cities,All clients,. .,. .,. .,. .,. .,. .,. .,. .,. .,. .,. .,. .,. .,. .,. .
Tasmania,"Clients (per 10,000 ERP)",Inner regional,Males,174.7,153,185.1,195.2,209.7,219.8,163.4,160.1,150.4,148.7,152.8,131.2,135.3,123.7,-2.6
Tasmania,"Clients (per 10,000 ERP)",Inner regional,Females,182.1,163.6,197.6,220.2,217.7,225.3,186.6,187,184.2,182,195.3,169.8,159,146,-1.7
Tasmania,"Clients (per 10,000 ERP)",Inner regional,All clients,178.4,158.4,191.5,207.9,213.7,222.6,175.2,173.8,167.6,165.7,174.4,150.8,147.3,135.1,-2.1
Tasmania,"Clients (per 10,000 ERP)",Outer regional,Males,19.4,20.5,22.1,30.1,44.5,24.1,30.7,33.1,27.5,32.7,32.5,52.1,56.2,54.6,8.3
Tasmania,"Clients (per 10,000 ERP)",Outer regional,Females,30.3,30.9,31.8,39.4,56.1,36.3,40.4,42.5,39.8,42.4,44.1,69.5,77.3,84.9,8.2
Tasmania,"Clients (per 10,000 ERP)",Outer regional,All clients,24.8,25.7,26.9,34.8,50.3,30.3,35.5,37.8,33.6,37.5,38.2,60.8,66.7,69.7,8.3
Tasmania,"Clients (per 10,000 ERP)",Remote and very remote,Males,58.6,39.1,18.2,22.5,12.9,3.7,5.5,1.8,—,3.4,1.7,1.7,1.7,1.7,-23.8
Tasmania,"Clients (per 10,000 ERP)",Remote and very remote,Females,91,55.4,40,31.1,8.1,4,4,2,—,—,—,—,—,3.8,-21.7
Tasmania,"Clients (per 10,000 ERP)",Remote and very remote,All clients,73.9,46.8,28.5,26.6,10.6,3.9,4.8,1.9,—,1.8,0.9,0.9,0.9,2.7,-22.5
Australian Capital Territory,Clients (number),Major cities,Males,2447,2406,2452,2272,2035,1949,1692,1609,1824,1728,1599,1644,1725,1788,-2.4
Australian Capital Territory,Clients (number),Major cities,Females,3107,2901,2837,2673,2568,2596,2281,2155,2255,2236,2177,2247,2231,2345,-2.1
Australian Capital Territory,Clients (number),Major cities,All clients,5554,5307,5289,4946,4603,4544,3973,3764,4079,3964,3776,3891,3956,4133,-2.2
Australian Capital Territory,Clients (number),Inner regional,Males,16,25,13,6,13,16,16,21,15,13,12,15,19,21,1.9
Australian Capital Territory,Clients (number),Inner regional,Females,18,18,20,7,17,11,26,13,34,20,12,30,21,24,2.1
Australian Capital Territory,Clients (number),Inner regional,All clients,35,43,33,13,30,27,42,34,49,33,24,45,40,45,2
Australian Capital Territory,Clients (number),Outer regional,Males,n.p.,9,7,6,6,n.p.,5,n.p.,6,n.p.,6,n.p.,n.p.,6,-2.4
Australian Capital Territory,Clients (number),Outer regional,Females,n.p.,8,7,20,12,n.p.,5,n.p.,9,n.p.,5,n.p.,n.p.,7,4.3
Australian Capital Territory,Clients (number),Outer regional,All clients,12,17,14,26,18,14,10,9,15,13,11,9,9,13,0.4
Australian Capital Territory,Clients (number),Remote and very remote,Males,n.p.,—,n.p.,n.p.,—,—,—,—,—,—,—,n.p.,n.p.,n.p.,0
Australian Capital Territory,Clients (number),Remote and very remote,Females,—,—,—,—,n.p.,—,n.p.,n.p.,—,n.p.,—,—,—,n.p.,—
Australian Capital Territory,Clients (number),Remote and very remote,All clients,n.p.,—,n.p.,n.p.,n.p.,—,n.p.,n.p.,—,n.p.,—,n.p.,n.p.,n.p.,8.8
Australian Capital Territory,Support periods (number),Major cities,Males,3092,3043,3234,3040,2943,2801,2347,2139,2525,2461,2292,2198,2400,2461,-1.7
Australian Capital Territory,Support periods (number),Major cities,Females,4162,4101,3850,3937,3902,3902,3551,3250,3408,3326,3152,3235,3183,3555,-1.2
Australian Capital Territory,Support periods (number),Major cities,All clients,7253,7144,7084,6978,6845,6703,5898,5389,5933,5787,5444,5433,5583,6016,-1.4
Australian Capital Territory,Support periods (number),Inner regional,Males,30,39,27,9,21,30,27,28,26,18,20,22,33,31,0.2
Australian Capital Territory,Support periods (number),Inner regional,Females,39,27,39,9,31,20,36,18,49,37,17,43,32,45,1.1
Australian Capital Territory,Support periods (number),Inner regional,All clients,69,66,66,18,52,51,63,46,75,55,37,65,65,76,0.7
Australian Capital Territory,Support periods (number),Outer regional,Males,13,15,9,9,9,5,9,6,9,6,12,7,8,7,-4.4
Australian Capital Territory,Support periods (number),Outer regional,Females,12,17,13,31,18,15,9,8,14,15,5,7,7,10,-1.7
Australian Capital Territory,Support periods (number),Outer regional,All clients,25,32,22,40,27,20,18,14,23,21,17,14,15,17,-2.9
Australian Capital Territory,Support periods (number),Remote and very remote,Males,n.p.,—,n.p.,n.p.,—,—,—,—,—,—,—,n.p.,n.p.,n.p.,-3.2
Australian Capital Territory,Support periods (number),Remote and very remote,Females,—,—,—,—,n.p.,—,n.p.,n.p.,—,n.p.,—,—,—,n.p.,—
Australian Capital Territory,Support periods (number),Remote and very remote,All clients,n.p.,—,n.p.,n.p.,n.p.,—,n.p.,n.p.,—,n.p.,—,n.p.,n.p.,n.p.,3.9
Australian Capital Territory,"Clients (per 10,000 ERP)",Major cities,Males,133.9,128.8,129,118,103.9,97.7,82.5,76.5,84.9,78.8,71.7,73,75,77.8,-4.1
Australian Capital Territory,"Clients (per 10,000 ERP)",Major cities,Females,168.2,153.4,147.3,136.7,128.9,127.9,109,100.2,102.4,99.4,95.1,97.3,94.6,99.4,-4
Australian Capital Territory,"Clients (per 10,000 ERP)",Major cities,All clients,151.2,141.2,138.2,127.4,116.5,112.9,95.9,88.5,93.8,89.2,83.6,85.3,84.9,88.7,-4
Australian Capital Territory,"Clients (per 10,000 ERP)",Inner regional,Males,532.8,774.8,389.8,172.3,369.3,449.6,450.7,594.9,429.8,373.6,336.1,420.2,529.2,585,0.7
Australian Capital Territory,"Clients (per 10,000 ERP)",Inner regional,Females,730.8,672.8,705.3,239.1,557.4,363.1,849.7,420.7,1072.6,625,365.9,909.1,644.2,736.2,0.1
Australian Capital Territory,"Clients (per 10,000 ERP)",Inner regional,All clients,621.7,728.5,534.8,202.8,456.7,409.8,635.4,513.6,735.7,494,350.4,655,583.9,656.9,0.4
Australian Capital Territory,"Clients (per 10,000 ERP)",Outer regional,Males,. .,. .,. .,. .,. .,. .,. .,. .,. .,. .,. .,. .,. .,. .,. .
Australian Capital Territory,"Clients (per 10,000 ERP)",Outer regional,Females,. .,. .,. .,. .,. .,. .,. .,. .,. .,. .,. .,. .,. .,. .,. .
Australian Capital Territory,"Clients (per 10,000 ERP)",Outer regional,All clients,. .,. .,. .,. .,. .,. .,. .,. .,. .,. .,. .,. .,. .,. .,. .
Australian Capital Territory,"Clients (per 10,000 ERP)",Remote and very remote,Males,. .,—,. .,. .,—,—,—,—,—,—,—,. .,. .,. .,. .
Australian Capital Territory,"Clients (per 10,000 ERP)",Remote and very remote,Females,—,—,—,—,. .,—,. .,. .,—,. .,—,—,—,. .,. .
Australian Capital Territory,"Clients (per 10,000 ERP)",Remote and very remote,All clients,. .,—,. .,. .,. .,—,. .,. .,—,. .,—,. .,. .,. .,. .
Northern Territory,Clients (number),Major cities,Males,43,24,22,38,31,29,22,28,22,16,6,12,20,7,-13
Northern Territory,Clients (number),Major cities,Females,18,24,34,39,32,53,31,38,37,41,31,29,31,25,2.4
Northern Territory,Clients (number),Major cities,All clients,61,48,56,77,63,82,53,66,59,57,37,41,51,32,-4.9
Northern Territory,Clients (number),Inner regional,Males,10,4,6,8,10,6,4,10,7,5,5,8,3,7,-2.8
Northern Territory,Clients (number),Inner regional,Females,6,7,8,7,11,13,10,10,12,7,5,6,12,6,-0.1
Northern Territory,Clients (number),Inner regional,All clients,16,11,14,15,21,19,14,20,19,12,10,14,15,13,-1.7
Northern Territory,Clients (number),Outer regional,Males,1022,1083,1074,1231,1337,1460,1394,1528,1270,1233,1232,1341,1215,1331,2.1
Northern Territory,Clients (number),Outer regional,Females,1406,1463,1526,1695,1984,2217,2072,2097,2069,2080,2184,2374,2231,2415,4.3
Northern Territory,Clients (number),Outer regional,All clients,2428,2545,2599,2926,3321,3677,3466,3625,3339,3313,3416,3715,3446,3746,3.4
Northern Territory,Clients (number),Remote and very remote,Males,1289,1304,1315,1418,1596,1765,1886,1944,2479,2462,2415,2069,2140,2059,3.7
Northern Territory,Clients (number),Remote and very remote,Females,2790,3050,3139,3214,3130,3644,3866,3991,4381,4278,4218,4271,4428,4633,4
Northern Territory,Clients (number),Remote and very remote,All clients,4079,4355,4454,4631,4726,5408,5752,5935,6860,6740,6633,6340,6568,6692,3.9
Northern Territory,Support periods (number),Major cities,Males,56,31,35,59,48,37,30,44,25,21,8,15,27,9,-13.1
Northern Territory,Support periods (number),Major cities,Females,22,31,51,84,50,83,47,63,63,60,45,43,51,41,4.7
Northern Territory,Support periods (number),Major cities,All clients,79,63,86,143,98,120,77,107,88,81,53,58,78,50,-3.4
Northern Territory,Support periods (number),Inner regional,Males,15,5,9,11,19,8,5,12,9,7,6,15,5,10,-3
Northern Territory,Support periods (number),Inner regional,Females,9,9,15,14,14,18,11,12,17,9,7,8,15,12,2.6
Northern Territory,Support periods (number),Inner regional,All clients,23,14,25,25,33,26,16,24,26,16,13,23,20,22,-0.5
Northern Territory,Support periods (number),Outer regional,Males,1101,1218,1236,1441,1678,1838,1802,1946,1576,1513,1512,1640,1529,1665,3.2
Northern Territory,Support periods (number),Outer regional,Females,1589,1816,2017,2226,2757,3050,2945,3015,2911,2968,3241,3332,3329,3490,6.2
Northern Territory,Support periods (number),Outer regional,All clients,2690,3034,3253,3667,4436,4888,4747,4961,4487,4481,4753,4972,4858,5155,5.1
Northern Territory,Support periods (number),Remote and very remote,Males,1448,1673,1634,1749,2115,2442,2619,2488,3271,3487,3471,3010,3010,2877,5.4
Northern Territory,Support periods (number),Remote and very remote,Females,3621,4386,4453,4719,4505,5554,6209,6234,6797,7428,7039,7631,7489,7914,6.2
Northern Territory,Support periods (number),Remote and very remote,All clients,5069,6059,6087,6468,6620,7996,8828,8722,10068,10915,10510,10641,10499,10791,6
Northern Territory,"Clients (per 10,000 ERP)",Major cities,Males,. .,. .,. .,. .,. .,. .,. .,. .,. .,. .,. .,. .,. .,. .,. .
Northern Territory,"Clients (per 10,000 ERP)",Major cities,Females,. .,. .,. .,. .,. .,. .,. .,. .,. .,. .,. .,. .,. .,. .,. .
Northern Territory,"Clients (per 10,000 ERP)",Major cities,All clients,. .,. .,. .,. .,. .,. .,. .,. .,. .,. .,. .,. .,. .,. .,. .
Northern Territory,"Clients (per 10,000 ERP)",Inner regional,Males,. .,. .,. .,. .,. .,. .,. .,. .,. .,. .,. .,. .,. .,. .,. .
Northern Territory,"Clients (per 10,000 ERP)",Inner regional,Females,. .,. .,. .,. .,. .,. .,. .,. .,. .,. .,. .,. .,. .,. .,. .
Northern Territory,"Clients (per 10,000 ERP)",Inner regional,All clients,. .,. .,. .,. .,. .,. .,. .,. .,. .,. .,. .,. .,. .,. .,. .
Northern Territory,"Clients (per 10,000 ERP)",Outer regional,Males,151.3,155.3,147.2,165.5,174.3,188,178.2,197.1,165.9,161.6,161.5,175,157.6,172.6,1
Northern Territory,"Clients (per 10,000 ERP)",Outer regional,Females,228.3,230.7,232.7,253.7,291,319.3,293.7,296.4,292.6,291.5,304.6,327.3,303,328,2.8
Northern Territory,"Clients (per 10,000 ERP)",Outer regional,All clients,188,191.2,187.7,207.3,229.2,250,233,244.5,226.8,224.3,230.9,249.1,228.6,248.5,2.2
Northern Territory,"Clients (per 10,000 ERP)",Remote and very remote,Males,238.9,242.3,243.9,268.8,311.9,352.8,378,391.1,498.3,495.4,484.1,410.7,422,406,4.2
Northern Territory,"Clients (per 10,000 ERP)",Remote and very remote,Females,578.3,622.9,636.3,656,644,750.4,792.8,812.5,884,854.6,838.8,842.6,866.8,907,3.5
Northern Territory,"Clients (per 10,000 ERP)",Remote and very remote,All clients,399.1,423.5,431.3,455.3,473.7,548.7,583,600.6,690.8,675.7,662.1,627.3,645.2,657.4,3.9
